active;publication;path;pdfName;topic;startPage;startAfterLine;endPage;endAfterLine;nameSize;dataSize;strategyMapping;fileAffix
false;Basisregelwerk;01 - Regeln/Regelwerk (152);Regelwerk - 01 - Regeln.pdf;IMG;;;;;;;;
false;Almanach_der_Ungeheuer;00 - Fluff/Almanach der Ungeheuer (177);Almanach der Ungeheuer - 00 - Fluff.pdf;IMG;;;;;;;;
false;Catalogus_Heptaspharicum;00 - Fluff/Catalogus Heptasphaericum (198);Catalogus Heptasphaericum - 00 - Fluff.pdf;IMG;;;;;;;;
false;Dossier_der_Erleuchteten;00 - Fluff/Dossier der Erleuchteten (214);Dossier der Erleuchteten - 00 - Fluff.pdf;IMG;;;;;;;;
false;Eynmaleyns_der_Kreutherkunde;00 - Fluff/Eynmaleyns der Kreutherkunde (120);Eynmaleyns der Kreutherkunde - 00 - Fluff.pdf;IMG;;;;;;;;
false;Archiv_der_Ausrüstung;01 - Regeln/Archiv der Ausrustung (196);Archiv der Ausrustung - 01 - Regeln.pdf;IMG;;;;;;;;
false;Archiv_der_Dämonen;01 - Regeln/Archiv der Damonen (178);Archiv der Damonen - 01 - Regeln.pdf;IMG;;;;;;;;
false;Archiv_der_Kräuter;01 - Regeln/Archiv der Krauter (185);Archiv der Krauter - 01 - Regeln.pdf;IMG;;;;;;;;
false;Archiv_der_Kreaturen;01 - Regeln/Archiv der Kreaturen (201);Archiv der Kreaturen - 01 - Regeln.pdf;IMG;;;;;;;;
false;Divinarium;01 - Regeln/Divinarium Liturgia (188);Divinarium Liturgia - 01 - Regeln.pdf;IMG;;;;;;;;
false;Grimorium;01 - Regeln/Grimorum Cantiones (156);Grimorum Cantiones - 01 - Regeln.pdf;IMG;;;;;;;;
false;Kodex_der_Helden;01 - Regeln/Kodex der Helden (154);Kodex der Helden - 01 - Regeln.pdf;IMG;;;;;;;;
false;Kodex_der_Magie;01 - Regeln/Kodex der Magie (155);Kodex der Magie - 01 - Regeln.pdf;IMG;;;;;;;;
false;Kodex_des_Götterwirkens;01 - Regeln/Kodex des Gotterwirkens (174);Kodex des Gotterwirkens - 01 - Regeln.pdf;IMG;;;;;;;;
false;Kodex_des_Schwertes;01 - Regeln/Kodex des Schwertes (171);Kodex des Schwertes - 01 - Regeln.pdf;IMG;;;;;;;;
false;Rohals_Erben;01 - Regeln/Rohals Erben (150);Rohals Erben - 01 - Regeln.pdf;IMG;;;;;;;;
false;Strassenstaub_und_Halsabschneider;01 - Regeln/Strassenstaub & Halsabschneider (149);Strassenstaub & Halsabschneider - 01 - Regeln.pdf;IMG;;;;;;;;
false;Kaiser_Retos_Waffenkammer;02 - Ausrustung/Kaiser Retos Waffenkammer (195);Kaiser Retos Waffenkammer - 02 - Ausrustung.pdf;IMG;;;;;;;;
false;Rüstkammer_der_Dampfenden_Dschungel;02 - Ausrustung/Rustkammer der Dampfenden Dschungel (141);Rustkammer der Dampfenden Dschu - 02 - Ausrustung.pdf;IMG;;;;;;;;
false;Rüstkammer_der_Sonnenküste;02 - Ausrustung/Rustkammer der Sonnenkuste (136);Rustkammer der Sonnenkuste - 02 - Ausrustung.pdf;IMG;;;;;;;;
false;Rüstkammer_der_Streitenden_Königreiche;02 - Ausrustung/Rustkammer der Streitenden Konigrei (227);Rustkammer der Streitenden Koni - 02 - Ausrustung.pdf;IMG;;;;;;;;
false;Rüstkammer_der_Wüstenreiche;02 - Ausrustung/Rustkammer des Wustenreiche (134);Rustkammer des Wustenreiche - 02 - Ausrustung.pdf;IMG;;;;;;;;
false;Aventurische_Tiergefährten;02 - Ausrustung/Tiergefahrten (133);Tiergefahrten - 02 - Ausrustung.pdf;IMG;;;;;;;;
false;Ära_des_Goldenen_Kaisers;03 - Welt/Ara des Goldenen Kaisers (205);Ara des Goldenen Kaisers - 03 - Welt.pdf;IMG;;;;;;;;
false;Arkane_Schmiede;03 - Welt/Arkane Schmiede und Labore (203);Arkane Schmiede und Labore - 03 - Welt.pdf;IMG;;;;;;;;
false;Aventurische_Bibliothek;03 - Welt/Aventurische Bibliothek (132);Aventurische Bibliothek - 03 - Welt.pdf;IMG;;;;;;;;
false;Aventurische_Namen;03 - Welt/Aventurische Namen (131);Aventurische Namen - 03 - Welt.pdf;IMG;;;;;;;;
false;Aventurisches_Elementarium;03 - Welt/Aventurisches Elementarium (125);Aventurisches Elementarium - 03 - Welt.pdf;IMG;;;;;;;;
false;Aventurisches_Nekromanthäum;03 - Welt/Aventurisches Nekromanthaum (123);Aventurisches Nekromanthaum - 03 - Welt.pdf;IMG;;;;;;;;
false;Aventurisches_Pandämonium_I;03 - Welt/Aventurisches Pandamonium I (122);Aventurisches Pandamonium I - 03 - Welt.pdf;IMG;;;;;;;;
false;Aventurisches_Pandämonium_II;03 - Welt/Aventurisches Pandamonium II (121);Aventurisches Pandamonium II - 03 - Welt.pdf;IMG;;;;;;;;
false;Aventurisches_Transmutarium;03 - Welt/Aventurisches Transmutarium (119);Aventurisches Transmutarium - 03 - Welt.pdf;IMG;;;;;;;;
false;Brut_der_Niederhöllen;03 - Welt/Brut der Niederhollen (197);Brut der Niederhollen - 03 - Welt.pdf;IMG;;;;;;;;
false;Geisterwald_und_Knochenklippe;03 - Welt/Die Gestade des Gottwals - Geisterw (159);Die Gestade des Gottwals - Geis - 03 - Welt.pdf;IMG;;;;;;;;
false;Sturmgeheul_und_Runenzauber;03 - Welt/Die Gestade des Gottwals - Sturmgeh (158);Die Gestade des Gottwals - Stur - 03 - Welt.pdf;IMG;;;;;;;;
false;Geschöpfe_der_Anderswelt;03 - Welt/Geschopfe der Anderswelt (208);Geschopfe der Anderswelt - 03 - Welt.pdf;IMG;;;;;;;;
false;Geschuppte_Tyrannen;03 - Welt/Geschuppte Tyrannen (221);Geschuppte Tyrannen - 03 - Welt.pdf;IMG;;;;;;;;
false;Helden_der_Echsensümpfe;03 - Welt/Helden der Echsensumpfe (219);Helden der Echsensumpfe - 03 - Welt.pdf;IMG;;;;;;;;
false;Helden_der_Flusslande;03 - Welt/Helden der Flusslande (181);Helden der Flusslande - 03 - Welt.pdf;IMG;;;;;;;;0
false;Helden_der_Siebenwindküste;03 - Welt/Helden der Siebenwindkste (217);Helden der Siebenwindkste - 03 - Welt.pdf;IMG;;;;;;;;0
false;Helden_der_Winterwacht;03 - Welt/Helden der Winterwacht (183);Helden der Winterwacht - 03 - Welt.pdf;IMG;;;;;;;;
false;Helden_des_Dornenreiches;03 - Welt/Helden des Dornenreiches (213);Helden des Dornenreiches - 03 - Welt.pdf;IMG;;;;;;;;
false;Helden_des_Gottwals;03 - Welt/Helden des Gottwals (200);Helden des Gottwals - 03 - Welt.pdf;IMG;;;;;;;;
false;Helden_des_Wolfsfrosts;03 - Welt/Helden des Wolfsfrosts (231);Helden des Wolfsfrosts - 03 - Welt.pdf;IMG;;;;;;;;
false;Kompendium_der_Echsensümpfe;03 - Welt/Kompendium der Echsensumpfe (220);Kompendium der Echsensumpfe - 03 - Welt.pdf;IMG;;;;;;;;
false;Die_Flusslande;04 - Regionen/Die Flusslande (180);Die Flusslande - 04 - Regionen.pdf;IMG;;;;;;;;
false;Die_Winterwacht;04 - Regionen/Die Winterwacht (186);Die Winterwacht - 04 - Regionen.pdf;IMG;;;;;;;;
false;Das_Dornenreich;04 - Regionen/Das Dornenreich (212);Das Dornenreich - 04 - Regionen.pdf;IMG;;;;;;;;
false;Die_Echsensümpfe;04 - Regionen/Die Echsensumpfe (218);Die Echsensumpfe - 04 - Regionen.pdf;IMG;;;;;;;;
false;Die_Sonnenküste;04 - Regionen/Die Sonnenkuste (102);Die Sonnenkuste - 04 - Regionen.pdf;IMG;;;;;;;;
false;Der_Wolfsfrost;Regionen/Der Wolfsfrost - 04 (230);Der Wolfsfrost - 04 - Regionen.pdf;IMG;;;;;;;;
false;Gestade_des_Gottwals;04 - Regionen/Gestade des Gottwals (199);Gestade des Gottwals - 04 - Regionen.pdf;IMG;;;;;;;;
false;Mysterien_der_Flusslande;04 - Mysterien/Mysterien der Flusslande (147);Mysterien der Flusslande - 04 - Mysterien.pdf;IMG;;;;;;;;
false;Mysterien_der_Winterwacht;04 - Mysterien/Mysterien der Winterwacht (137);Mysterien der Winterwacht - 04 - Mysterien.pdf;IMG;;;;;;;;
false;Mysterien_des_Gottwals;04 - Mysterien/Mysterien des Gottwals (140);Mysterien des Gottwals - 04 - Mysterien.pdf;IMG;;;;;;;;
false;Karten_der_Flusslande_Geographisch;06 - Karten/Flusslande (65);Flusslande - 06 - Karten.pdf;IMG;;;;;;;;
false;Karten_der_Flusslande_Städte;06 - Karten/Flusslande - Stadte (62);Flusslande - Stadte - 06 - Karten.pdf;IMG;;;;;;;;
false;Karten_der_Flusslande_Politisch;06 - Karten/Flusslande - Region (64);Flusslande - Region - 06 - Karten.pdf;IMG;;;;;;;;
false;Kompendium_der_Winterwacht;04 - Regionen/Kompendium der Winterwacht (190);Kompendium der Winterwacht - 04 - Regionen.pdf;IMG;;;;;;;;
false;Schirm;03 - Welt/Meisterschirm Begleitheft (117);Meisterschirm Begleitheft - 03 - Welt.pdf;IMG;;;;;;;;
false;Almanach;04 - Regionen/Aventurischer Almanach (114);Aventurischer Almanach - 04 - Regionen.pdf;IMG;;;;;;;;
false;Nekromanthäum;03 - Welt/Aventurisches Nekromanthaum (123);Aventurisches Nekromanthaum - 03 - Welt.pdf;IMG;;;;;;;;
false;Pandämonium_I;03 - Welt/Aventurisches Pandamonium I (122);Aventurisches Pandamonium I - 03 - Welt.pdf;IMG;;;;;;;;
false;Pandämonium_II;03 - Welt/Aventurisches Pandamonium II (121);Aventurisches Pandamonium II - 03 - Welt.pdf;IMG;;;;;;;;
false;Transmutarium;03 - Welt/Aventurisches Transmutarium (119);Aventurisches Transmutarium - 03 - Welt.pdf;IMG;;;;;;;;
false;Brut_der_Niederhöllen;03 - Welt/Brut der Niederhollen (197);Brut der Niederhollen - 03 - Welt.pdf;IMG;;;;;;;;
false;Almanach;04 - Regionen/Aventurischer Almanach (114);Aventurischer Almanach - 04 - Regionen.pdf;IMG;;;;;;;;
false;Die_Verschwörung_von_Gareth;05 - Abenteuer/Die Verschwrung von Gareth (151);Die Verschwrung von Gareth - 05 - Abenteuer.pdf;IMG;;;;;;;;
false;Die_Enzyklopaedie;03 - Welt/Die illustrierte Enzyklopadie (246);Die illustrierte Enzyklopadie - 03 - Welt.pdf;IMG;;;;;;;;
